Capacity of Flows : ,23988
Size of IBLT : ,31064
Number of BF Hash Functions : ,7,Size of BF : ,229929
Epoch name,noOfMalFlows,totalBenignFlows,all_decodable_count,all_decodable_percent,all_undecodable_count,all_undecodable_percent,benign_decodable_count,benign_decodable_percent,benign_undecodable_count,benign_undecodable_percent,purecell_ben_collision,purecell_mal_collision,purecell_all_collision,completely_colliding_flows,completely_colliding_mal_flows,completely_colliding_ben_flows,non_colliding_flows,non_colliding_mal_flows,non_colliding_ben_flows,collisions_by_benignflows,collisions_by_maliciousflows,collisions_by_allflows,cells_occupied_epochend,cells_occupied_epochend_percent,cells_occupied_decodeend,cells_occupied_decodeend_percent,purecell_count_before_decode,purecell_count_after_decode,no_of_benign_flows_classified_as_old,no_of_benign_flows_classified_as_new,no_of_malicious_flows_classified_as_old,no_of_malicious_flows_classified_as_new,total_flows_classified_as_old,total_flows_classified_as_new,catergory_of_flows,Pollution ?,pre_mit_decodable,pre_mit_undecodable,pre_mit_decodable_percent,pre_mit_undecodable_percent,NumberofSampledFlows,Sampled Flows after nonMitigated SD,Flows used for mitigation
_00179_20180315130150,21,23542,23539,99.89814539744515,24,0.10185460255485294,23518,99.89805454082065,24,0.10194545917933905,24968,2,24970,8784,0,8784,1923,19,1904,64543,2,64545,29611,95.32255987638423,0,0.0,4641,0,24,23518,0,21,24,23539,NORMAL,No,0,0,0.0,0.0,8784,0,0
_00003_20180315130100,21,23858,23843,99.8492399179195,36,0.15076008208048913,23822,99.84910721770476,36,0.15089278229524689,25222,4,25226,8992,0,8992,1911,18,1893,65714,4,65718,29654,95.46098377543136,0,0.0,4428,0,36,23822,0,21,36,23843,NORMAL,No,0,0,0.0,0.0,8992,0,0
_00036_20180315130110,21,23864,23845,99.83253087711952,40,0.16746912288046892,23824,99.83238350653704,40,0.16761649346295676,25241,1,25242,8997,0,8997,1943,20,1923,65741,1,65742,29638,95.40947720834406,0,0.0,4396,0,40,23824,0,21,40,23845,NORMAL,No,0,0,0.0,0.0,8997,0,0
_00158_20180315130144,21,23698,23685,99.85665500231882,34,0.14334499768118386,23664,99.85652797704448,34,0.1434720229555237,25071,1,25072,8962,0,8962,1977,20,1957,65197,1,65198,29542,95.10043780582023,0,0.0,4470,0,34,23664,0,21,34,23685,NORMAL,No,0,0,0.0,0.0,8962,0,0
_00109_20180315130130,21,23841,23825,99.84494174838655,37,0.15505825161344397,23804,99.84480516756847,37,0.15519483243152551,25126,1,25127,9060,0,9060,1941,20,1921,65659,1,65660,29640,95.41591552922998,0,0.0,4513,0,37,23804,0,21,37,23825,NORMAL,No,0,0,0.0,0.0,9060,0,0
_00164_20180315130145,21,23953,23945,99.87903562192375,29,0.12096437807624927,23924,99.87892957040872,29,0.12107042959128293,25152,0,25152,9189,0,9189,1942,21,1921,66182,0,66182,29598,95.2807107906258,0,0.0,4446,0,29,23924,0,21,29,23945,NORMAL,No,11288,12686,47.0843413698173,52.91565863018269,9189,6794,53
_00145_20180315130140,21,23753,23736,99.84016152098931,38,0.15983847901068393,23715,99.84002020797374,38,0.15997979202627038,25075,2,25077,8946,0,8946,1915,19,1896,65266,2,65268,29676,95.5318053051764,0,0.0,4599,0,38,23715,0,21,38,23736,NORMAL,No,0,0,0.0,0.0,8946,0,0
_00197_20180315130155,21,23665,23643,99.81845816093895,43,0.1815418390610487,23622,99.81829706317346,43,0.1817029368265371,25071,0,25071,8856,0,8856,1932,21,1911,64991,0,64991,29581,95.22598506309554,0,0.0,4510,0,43,23622,0,21,43,23643,NORMAL,No,0,0,0.0,0.0,8856,0,0
_00168_20180315130147,21,24219,24198,99.82673267326733,42,0.17326732673267328,24177,99.82658243527808,42,0.17341756472191255,25439,2,25441,9317,0,9317,1913,19,1894,67063,2,67065,29727,95.6959824877672,0,0.0,4286,0,42,24177,0,21,42,24198,SPIKE,No,10968,13272,45.24752475247525,54.75247524752476,9317,7308,248
_00015_20180315130104,21,24315,24293,99.8233070348455,43,0.1766929651545036,24272,99.82315443142093,43,0.17684556857906641,25358,1,25359,9433,0,9433,1966,20,1946,67458,1,67459,29713,95.6509142415658,0,0.0,4354,0,43,24272,0,21,43,24293,SPIKE,No,11583,12753,47.59615384615385,52.40384615384615,9433,7320,216
_00170_20180315130147,21,23769,23753,99.84447246742329,37,0.1555275325767129,23732,99.84433505826917,37,0.15566494173082587,25101,2,25103,8955,0,8955,1930,19,1911,65378,2,65380,29632,95.39016224568633,0,0.0,4529,0,37,23732,0,21,37,23753,NORMAL,No,0,0,0.0,0.0,8955,0,0
_00169_20180315130147,21,23952,23933,99.83314562215826,40,0.16685437784173862,23912,99.83299933199733,40,0.16700066800267202,25257,1,25258,9229,0,9229,1950,20,1930,66097,1,66098,29634,95.39660056657225,0,0.0,4376,0,40,23912,0,21,40,23933,NORMAL,No,0,0,0.0,0.0,9229,0,0
_00089_20180315130124,21,24244,24222,99.82279002678756,43,0.1772099732124459,24201,99.82263652862564,43,0.17736347137436065,25451,0,25451,9359,0,9359,1971,21,1950,67179,0,67179,29709,95.63803759979398,0,0.0,4258,0,43,24201,0,21,43,24222,SPIKE,No,11667,12598,48.081599010921074,51.91840098907892,9359,7113,198
_00035_20180315130109,21,24027,24011,99.84614105123087,37,0.15385894876912842,23990,99.8460065759354,37,0.153993424064594,25185,1,25186,9108,0,9108,1880,20,1860,66363,1,66364,29680,95.54468194694824,0,0.0,4494,0,37,23990,0,21,37,24011,SPIKE,No,0,0,0.0,0.0,9108,0,0
_00006_20180315130101,21,23981,23968,99.85834513790518,34,0.14165486209482542,23947,99.8582210916976,34,0.14177890830240608,25270,0,25270,9142,0,9142,1941,21,1920,66230,0,66230,29642,95.4223538501159,0,0.0,4372,0,34,23947,0,21,34,23968,NORMAL,No,11250,12752,46.87109407549371,53.128905924506284,9142,6258,21
_00102_20180315130128,21,23839,23813,99.8030176026823,47,0.1969823973176865,23792,99.80284407903017,47,0.19715592096983936,25148,1,25149,9087,0,9087,1904,20,1884,65670,1,65671,29581,95.22598506309554,0,0.0,4432,0,47,23792,0,21,47,23813,NORMAL,No,0,0,0.0,0.0,9087,0,0
_00053_20180315130114,21,24129,24119,99.87163561076603,31,0.12836438923395446,24098,99.87152389241162,31,0.12847610758837913,25436,3,25439,9384,0,9384,1961,18,1943,66801,3,66804,29672,95.51892866340458,0,0.0,4233,0,31,24098,0,21,31,24119,SPIKE,No,12126,12024,50.211180124223596,49.7888198757764,9384,7082,129
_00195_20180315130154,21,24158,24135,99.81802390504157,44,0.181976094958435,24114,99.8178657173607,44,0.18213428263929135,25338,1,25339,9269,0,9269,1935,20,1915,66924,1,66925,29615,95.33543651815607,0,0.0,4276,0,44,24114,0,21,44,24135,SPIKE,No,11181,12998,46.242607221142315,53.757392778857685,9269,6954,158
_00094_20180315130126,21,24090,24074,99.84654307162705,37,0.1534569283729418,24053,99.8464092984641,37,0.153590701535907,25355,1,25356,9211,0,9211,1931,20,1911,66621,1,66622,29674,95.5253669842905,0,0.0,4318,0,37,24053,0,21,37,24074,SPIKE,No,11372,12739,47.1651943096512,52.83480569034881,9211,6748,69
_00111_20180315130131,21,23913,23902,99.8662989888861,32,0.13370101111389654,23881,99.86618157487558,32,0.1338184251244093,25235,1,25236,9146,0,9146,1929,20,1909,66007,1,66008,29600,95.28714911151171,0,0.0,4364,0,32,23881,0,21,32,23902,NORMAL,No,11343,12591,47.39283028327902,52.60716971672098,9146,6136,14
_00148_20180315130141,21,23794,23775,99.83203863111484,40,0.1679613688851564,23754,99.83189039253594,40,0.16810960746406658,25171,0,25171,8946,0,8946,1957,21,1936,65503,0,65503,29597,95.27749163018285,0,0.0,4426,0,40,23754,0,21,40,23775,NORMAL,No,0,0,0.0,0.0,8946,0,0
_00070_20180315130119,21,23683,23666,99.8396895038812,38,0.1603104961187985,23645,99.83954735464256,38,0.16045264535742937,25145,1,25146,8982,0,8982,1915,20,1895,65079,1,65080,29584,95.23564254442441,0,0.0,4438,0,38,23645,0,21,38,23666,NORMAL,No,0,0,0.0,0.0,8982,0,0
_00163_20180315130145,21,23578,23574,99.89406330776728,25,0.10593669223272172,23553,99.89396895410977,25,0.10603104589023667,25019,0,25019,8813,0,8813,1935,21,1914,64710,0,64710,29586,95.24208086531033,0,0.0,4567,0,25,23553,0,21,25,23574,NORMAL,No,0,0,0.0,0.0,8813,0,0
_00210_20180315130158,21,23865,23838,99.79904546596332,48,0.20095453403667418,23817,99.79886863607794,48,0.2011313639220616,25306,1,25307,9019,0,9019,1939,20,1919,65678,1,65679,29673,95.52214782384753,0,0.0,4366,0,48,23817,0,21,48,23838,NORMAL,No,0,0,0.0,0.0,9019,0,0
_00121_20180315130133,21,24174,24148,99.80574498863402,47,0.19425501136598472,24127,99.80557623893439,47,0.1944237610656077,25335,1,25336,9235,0,9235,1925,20,1905,66892,1,66893,29699,95.60584599536442,0,0.0,4363,0,47,24127,0,21,47,24148,SPIKE,No,11074,13121,45.76978714610457,54.23021285389543,9235,6910,115
_00182_20180315130150,21,23934,23918,99.845543727823,37,0.15445627217699853,23897,99.84540820589956,37,0.15459179410044288,25195,2,25197,9061,0,9061,1913,19,1894,66040,2,66042,29630,95.3837239248004,0,0.0,4433,0,37,23897,0,21,37,23918,NORMAL,No,0,0,0.0,0.0,9061,0,0
_00090_20180315130125,21,23473,23461,99.85953860560143,33,0.14046139439856986,23440,99.85941294252972,33,0.140587057470285,25008,1,25009,8759,0,8759,1977,20,1957,64214,1,64215,29629,95.38050476435745,0,0.0,4620,0,33,23440,0,21,33,23461,NORMAL,No,0,0,0.0,0.0,8759,0,0
_00051_20180315130114,21,23879,23867,99.86192468619247,33,0.13807531380753138,23846,99.86180325809289,33,0.13819674190711503,25257,1,25258,8994,0,8994,1888,20,1868,65807,1,65808,29660,95.4802987380891,0,0.0,4402,0,33,23846,0,21,33,23867,NORMAL,No,0,0,0.0,0.0,8994,0,0
_00143_20180315130140,21,23760,23747,99.85702872040704,34,0.14297127959295236,23726,99.85690235690235,34,0.1430976430976431,25158,1,25159,9010,0,9010,1946,20,1926,65372,1,65373,29615,95.33543651815607,0,0.0,4456,0,34,23726,0,21,34,23747,NORMAL,No,0,0,0.0,0.0,9010,0,0
_00207_20180315130157,21,24048,24030,99.83796584818646,39,0.1620341518135361,24009,99.83782435129741,39,0.1621756487025948,25331,0,25331,9206,0,9206,1926,21,1905,66434,0,66434,29686,95.56399690960598,0,0.0,4355,0,39,24009,0,21,39,24030,SPIKE,No,0,0,0.0,0.0,9206,0,0
_00010_20180315130102,21,24337,24325,99.86452089662534,33,0.13547910337466132,24304,99.86440399391873,33,0.13559600608127542,25516,2,25518,9530,0,9530,1968,19,1949,67603,2,67605,29695,95.59296935359258,0,0.0,4177,0,33,24304,0,21,33,24325,SPIKE,No,11612,12746,47.67222267838082,52.32777732161919,9530,7491,269
_00113_20180315130131,21,24197,24182,99.85135023536212,36,0.14864976463787266,24161,99.8512212257718,36,0.1487787742282101,25335,5,25340,9341,0,9341,1902,17,1885,67058,5,67063,29665,95.49639454030388,0,0.0,4325,0,36,24161,0,21,36,24182,SPIKE,No,11818,12400,48.79841440251053,51.201585597489476,9341,7141,201
_00206_20180315130157,21,23810,23780,99.78599303428307,51,0.21400696571692332,23759,99.78580428391433,51,0.2141957160856783,25185,0,25185,9013,0,9013,1980,21,1959,65516,0,65516,29604,95.30002575328355,0,0.0,4419,0,51,23759,0,21,51,23780,NORMAL,No,0,0,0.0,0.0,9013,0,0
_00103_20180315130128,21,23891,23870,99.82435597189696,42,0.1756440281030445,23849,99.82420158218575,42,0.17579841781423966,25132,1,25133,9087,0,9087,1911,20,1891,65838,1,65839,29641,95.41913468967293,0,0.0,4508,0,42,23849,0,21,42,23870,NORMAL,No,0,0,0.0,0.0,9087,0,0
_00058_20180315130116,21,24053,24033,99.82969178366703,41,0.17030821633297333,24012,99.82954309233776,41,0.1704569076622459,25358,0,25358,9252,0,9252,1989,20,1969,66512,1,66513,29619,95.34831315992788,0,0.0,4261,0,41,24012,0,21,41,24033,SPIKE,No,11190,12884,46.48168148209687,53.51831851790313,9252,6356,17
_00079_20180315130122,21,23961,23950,99.86656659161038,32,0.13343340838962556,23929,99.8664496473436,32,0.1335503526564,25301,1,25302,9141,0,9141,1950,20,1930,66136,1,66137,29663,95.48995621941798,0,0.0,4361,0,32,23929,0,21,32,23950,NORMAL,No,0,0,0.0,0.0,9141,0,0
_00194_20180315130154,21,23830,23813,99.8406775397258,38,0.15932246027420235,23792,99.84053713806126,38,0.1594628619387327,25149,1,25150,9035,0,9035,1919,20,1899,65620,1,65621,29631,95.38694308524337,0,0.0,4481,0,38,23792,0,21,38,23813,NORMAL,No,0,0,0.0,0.0,9035,0,0
_00101_20180315130128,21,23395,23386,99.87188247352238,30,0.12811752647762215,23365,99.87176747168198,30,0.12823252831801668,24929,1,24930,8607,0,8607,1890,20,1870,63979,1,63980,29564,95.17125933556528,0,0.0,4634,0,30,23365,0,21,30,23386,NORMAL,No,0,0,0.0,0.0,8607,0,0
_00018_20180315130105,21,24192,24165,99.80175938545409,48,0.1982406145459051,24144,99.8015873015873,48,0.1984126984126984,25328,2,25330,9319,0,9319,1922,19,1903,66981,2,66983,29677,95.53502446561937,0,0.0,4347,0,48,24144,0,21,48,24165,SPIKE,No,11759,12454,48.56482055094371,51.43517944905629,9319,7012,125
_00037_20180315130110,21,24247,24237,99.87225976594692,31,0.127740234053074,24216,99.87214913185136,31,0.12785086814863694,25366,1,25367,9369,0,9369,1933,20,1913,67295,1,67296,29652,95.45454545454545,0,0.0,4285,0,31,24216,0,21,31,24237,SPIKE,No,11242,13026,46.32437778144058,53.67562221855942,9369,7280,240
_00086_20180315130124,21,23694,23674,99.82711364115538,41,0.17288635884461312,23653,99.82696041191863,41,0.1730395880813708,25192,2,25194,8889,0,8889,1938,19,1919,65076,2,65078,29618,95.34509399948493,0,0.0,4424,0,41,23653,0,21,41,23674,NORMAL,No,0,0,0.0,0.0,8889,0,0
_00106_20180315130129,21,23690,23677,99.85660663826917,34,0.14339336173084224,23656,99.85647952722668,34,0.14352047277332208,25137,4,25141,8950,0,8950,1948,17,1931,65084,4,65088,29620,95.35153232037085,0,0.0,4479,0,34,23656,0,21,34,23677,NORMAL,No,0,0,0.0,0.0,8950,0,0
_00171_20180315130147,21,23759,23743,99.8444070647603,37,0.15559293523969722,23722,99.8442695399638,37,0.1557304600361968,25149,0,25149,8930,0,8930,1925,21,1904,65355,0,65355,29617,95.34187483904198,0,0.0,4468,0,37,23722,0,21,37,23743,NORMAL,No,0,0,0.0,0.0,8930,0,0
_00082_20180315130122,21,23887,23861,99.8034130834867,47,0.196586916513301,23840,99.80324025620631,47,0.1967597437936953,25198,1,25199,9032,0,9032,1940,20,1920,65781,1,65782,29662,95.48673705897502,0,0.0,4463,0,47,23840,0,21,47,23861,NORMAL,No,0,0,0.0,0.0,9032,0,0
_00039_20180315130110,21,23764,23753,99.86546142526802,32,0.13453857473197392,23732,99.86534253492678,32,0.13465746507322,25183,3,25186,8966,0,8966,1970,18,1952,65359,3,65362,29650,95.44810713365955,0,0.0,4464,0,32,23732,0,21,32,23753,NORMAL,No,0,0,0.0,0.0,8966,0,0
_00107_20180315130129,21,23815,23803,99.86155395200537,33,0.13844604799462995,23782,99.86143187066975,33,0.13856812933025403,25190,2,25192,9021,0,9021,1928,19,1909,65614,2,65616,29596,95.2742724697399,0,0.0,4404,0,33,23782,0,21,33,23803,NORMAL,No,0,0,0.0,0.0,9021,0,0
_00034_20180315130109,21,23977,23961,99.84582048504042,37,0.15417951495957996,23940,99.84568544855486,37,0.15431455144513492,25178,1,25179,9237,0,9237,1938,20,1918,66303,1,66304,29540,95.09399948493433,0,0.0,4361,0,37,23940,0,21,37,23961,NORMAL,No,12127,11871,50.53337778148179,49.46662221851821,9237,6776,128
_00209_20180315130158,21,23357,23345,99.85884164599196,33,0.14115835400804175,23324,99.8587147322002,33,0.14128526779980305,24883,1,24884,8622,0,8622,1961,20,1941,63785,1,63786,29594,95.26783414885398,0,0.0,4710,0,33,23324,0,21,33,23345,NORMAL,No,0,0,0.0,0.0,8622,0,0
_00074_20180315130120,21,24278,24256,99.82303798510227,43,0.17696201489773242,24235,99.8228849163852,43,0.1771150836147953,25475,0,25475,9406,0,9406,1963,21,1942,67312,0,67312,29712,95.64769508112285,0,0.0,4237,0,43,24235,0,21,43,24256,SPIKE,No,11974,12325,49.277748055475534,50.722251944524466,9406,7186,203
_00080_20180315130122,21,23811,23801,99.86992279288351,31,0.13007720711648205,23780,99.86980807189954,31,0.1301919281004578,25280,1,25281,9111,0,9111,2001,19,1982,65590,2,65592,29612,95.3257790368272,0,0.0,4331,0,31,23780,0,21,31,23801,NORMAL,No,0,0,0.0,0.0,9111,0,0
_00166_20180315130146,14,15822,15832,99.97474109623641,4,0.025258903763576663,15818,99.9747187460498,4,0.025281253950195932,18662,0,18662,3312,0,3312,1912,14,1898,36419,0,36419,26909,86.62438835951583,0,0.0,8247,0,4,15818,0,14,4,15832,DROP,No,0,0,0.0,0.0,3312,0,0
_00059_20180315130116,21,23782,23773,99.87396546653783,30,0.12603453346216864,23752,99.87385417542679,30,0.1261458245732066,25262,0,25262,9012,0,9012,1961,21,1940,65485,0,65485,29607,95.30968323461241,0,0.0,4345,0,30,23752,0,21,30,23773,NORMAL,No,0,0,0.0,0.0,9012,0,0
_00142_20180315130139,21,23991,23972,99.83341662502082,40,0.16658337497917708,23951,99.83327080988704,40,0.16672919011295903,25316,2,25318,9186,0,9186,1915,19,1896,66277,2,66279,29609,95.31612155549833,0,0.0,4291,0,40,23951,0,21,40,23972,SPIKE,No,11066,12946,46.085290687989335,53.914709312010665,9186,6485,21
_00066_20180315130118,21,24135,24103,99.7805928133797,53,0.2194071866203014,24082,99.78040190594572,53,0.21959809405427802,25307,0,25307,9242,0,9242,1972,21,1951,66750,0,66750,29662,95.48673705897502,0,0.0,4355,0,53,24082,0,21,53,24103,SPIKE,No,0,0,0.0,0.0,9242,0,0
_00050_20180315130114,21,23848,23832,99.84498722191965,37,0.15501277808035527,23811,99.8448507212345,37,0.15514927876551493,25277,0,25277,9071,0,9071,1933,21,1912,65715,0,65715,29613,95.32899819727015,0,0.0,4336,0,37,23811,0,21,37,23832,NORMAL,No,0,0,0.0,0.0,9071,0,0
_00056_20180315130115,21,23824,23810,99.85321870413084,35,0.14678129586915495,23789,99.85308932169241,35,0.146910678307589,25308,1,25309,9114,0,9114,1987,20,1967,65599,1,65600,29640,95.41591552922998,0,0.0,4331,0,35,23789,0,21,35,23810,NORMAL,No,0,0,0.0,0.0,9114,0,0
_00183_20180315130151,21,23535,23518,99.83868228901342,38,0.16131771098658515,23497,99.83853834714256,38,0.16146165285744637,25034,1,25035,8699,0,8699,1890,20,1870,64481,1,64482,29590,95.25495750708215,0,0.0,4555,0,38,23497,0,21,38,23518,NORMAL,No,0,0,0.0,0.0,8699,0,0
_00072_20180315130120,21,23888,23862,99.80342130578444,47,0.19657869421556734,23841,99.80324849296719,47,0.19675150703281982,25175,1,25176,9100,0,9100,1946,20,1926,65895,1,65896,29552,95.1326294102498,0,0.0,4376,0,47,23841,0,21,47,23862,NORMAL,No,11390,12519,47.63896440670877,52.36103559329123,9100,6398,22
_00123_20180315130134,21,23693,23691,99.90301087964916,23,0.0969891203508476,23670,99.90292491453172,23,0.09707508546828177,25207,1,25208,8962,0,8962,1910,20,1890,65203,1,65204,29560,95.15838269379347,0,0.0,4352,0,23,23670,0,21,23,23691,NORMAL,No,0,0,0.0,0.0,8962,0,0
_00165_20180315130146,21,23575,23566,99.8728598067469,30,0.12714019325309373,23545,99.87274655355249,30,0.12725344644750797,24998,2,25000,8836,0,8836,1947,19,1928,64680,2,64682,29582,95.2292042235385,0,0.0,4582,0,30,23545,0,21,30,23566,NORMAL,No,0,0,0.0,0.0,8836,0,0
_00031_20180315130108,21,24127,24111,99.84677820109326,37,0.15322179890674176,24090,99.84664483773365,37,0.1533551622663406,25384,1,25385,9268,0,9268,1930,20,1910,66714,1,66715,29729,95.7024208086531,0,0.0,4344,0,37,24090,0,21,37,24111,SPIKE,No,11770,12378,48.74109657114461,51.2589034288554,9268,6985,96
_00078_20180315130121,21,23883,23859,99.8117469879518,45,0.18825301204819278,23838,99.81158145961562,45,0.18841854038437383,25274,2,25276,9079,0,9079,1936,18,1918,65812,3,65815,29621,95.3547514808138,0,0.0,4345,0,45,23838,0,21,45,23859,NORMAL,No,0,0,0.0,0.0,9079,0,0
_00155_20180315130143,21,23732,23711,99.8231802298657,42,0.17681977013429884,23690,99.82302376538009,42,0.17697623461992246,25131,1,25132,8952,0,8952,1950,20,1930,65262,1,65263,29581,95.22598506309554,0,0.0,4449,0,42,23690,0,21,42,23711,NORMAL,No,0,0,0.0,0.0,8952,0,0
_00190_20180315130153,21,23601,23591,99.86876640419948,31,0.13123359580052493,23570,99.86864963349011,31,0.13135036650989365,24985,0,24985,8819,0,8819,1945,20,1925,64784,1,64785,29579,95.21954674220963,0,0.0,4594,0,31,23570,0,21,31,23591,NORMAL,No,0,0,0.0,0.0,8819,0,0
_00122_20180315130134,21,24331,24304,99.80289093298292,48,0.19710906701708278,24283,99.80272080884468,48,0.19727919115531625,25525,4,25529,9438,0,9438,1939,18,1921,67490,4,67494,29722,95.6798866855524,0,0.0,4193,0,48,24283,0,21,48,24304,SPIKE,No,10827,13525,44.46041392904074,55.53958607095927,9438,7359,184
_00211_20180315130159,21,23531,23523,99.87686820652173,29,0.12313179347826088,23502,99.87675831881349,29,0.1232416811865199,24973,3,24976,8721,0,8721,1919,18,1901,64509,3,64512,29580,95.22276590265258,0,0.0,4604,0,29,23502,0,21,29,23523,NORMAL,No,0,0,0.0,0.0,8721,0,0
_00065_20180315130118,21,23790,23761,99.79001301919281,50,0.20998698080718997,23740,99.78982765868012,50,0.2101723413198823,25171,1,25172,9083,0,9083,1945,20,1925,65462,1,65463,29581,95.22598506309554,0,0.0,4409,0,50,23740,0,21,50,23761,NORMAL,No,0,0,0.0,0.0,9083,0,0
_00120_20180315130133,21,23933,23908,99.80796526676129,46,0.19203473323870754,23887,99.80779676597167,46,0.1922032340283291,25299,1,25300,9085,0,9085,1980,20,1960,65982,1,65983,29649,95.44488797321658,0,0.0,4349,0,46,23887,0,21,46,23908,NORMAL,No,0,0,0.0,0.0,9085,0,0
_00012_20180315130103,21,23966,23947,99.83324300662859,40,0.16675699337140953,23926,99.83309688725694,40,0.16690311274305264,25330,0,25330,9166,0,9166,1940,21,1919,66106,0,66106,29682,95.55112026783415,0,0.0,4352,0,40,23926,0,21,40,23947,NORMAL,No,0,0,0.0,0.0,9166,0,0
_00146_20180315130140,21,24025,24005,99.82949347084754,41,0.1705065291524578,23984,99.82934443288242,41,0.17065556711758584,25331,0,25331,9113,0,9113,1909,21,1888,66369,0,66369,29651,95.4513262941025,0,0.0,4320,0,41,23984,0,21,41,24005,SPIKE,No,10906,13140,45.35473675455377,54.64526324544623,9113,6370,17
_00201_20180315130156,21,23862,23847,99.84926516769251,36,0.15073483230749904,23826,99.84913251194368,36,0.15086748805632386,25097,3,25100,9052,0,9052,1944,18,1926,65796,3,65799,29589,95.25173834663919,0,0.0,4489,0,36,23826,0,21,36,23847,NORMAL,No,0,0,0.0,0.0,9052,0,0
_00030_20180315130108,21,24265,24244,99.82706085810756,42,0.17293914189244833,24223,99.82691118895528,42,0.1730888110447146,25421,0,25421,9378,0,9378,1884,21,1863,67248,0,67248,29728,95.69920164821013,0,0.0,4307,0,42,24223,0,21,42,24244,SPIKE,No,11665,12621,48.03178786131928,51.96821213868073,9378,7273,209
_00057_20180315130115,21,23925,23915,99.87054205295247,31,0.12945794704752359,23894,99.87042842215256,31,0.12957157784743992,25219,0,25219,9143,0,9143,1958,21,1937,66046,0,66046,29614,95.3322173577131,0,0.0,4395,0,31,23894,0,21,31,23915,NORMAL,No,0,0,0.0,0.0,9143,0,0
_00011_20180315130103,21,24201,24183,99.83898934852613,39,0.16101065147386673,24162,99.83884963431264,39,0.1611503656873683,25354,2,25356,9293,0,9293,1938,19,1919,67004,2,67006,29726,95.69276332732424,0,0.0,4370,0,39,24162,0,21,39,24183,SPIKE,No,10825,13397,44.69077697960532,55.30922302039468,9293,6992,155
_00213_20180315130159,21,23556,23541,99.84730881791577,36,0.15269118208423463,23520,99.84717269485482,36,0.15282730514518594,25052,3,25055,8835,0,8835,2001,18,1983,64555,3,64558,29606,95.30646407416945,0,0.0,4551,0,36,23520,0,21,36,23541,NORMAL,No,0,0,0.0,0.0,8835,0,0
_00027_20180315130107,21,23935,23921,99.85389881449323,35,0.1461011855067624,23900,99.8537706287863,35,0.14622937121370377,25139,0,25139,9148,0,9148,1966,21,1945,66068,0,66068,29616,95.33865567859903,0,0.0,4477,0,35,23900,0,21,35,23921,NORMAL,No,0,0,0.0,0.0,9148,0,0
_00157_20180315130143,21,23712,23699,99.8567395609489,34,0.14326043905111027,23678,99.85661268556005,34,0.14338731443994604,25025,0,25025,8935,0,8935,1926,21,1905,65209,0,65209,29587,95.2453000257533,0,0.0,4562,0,34,23678,0,21,34,23699,NORMAL,No,0,0,0.0,0.0,8935,0,0
_00032_20180315130108,21,24133,24114,99.8343959592614,40,0.16560404073859403,24093,99.83425185430738,40,0.16574814569262006,25369,6,25375,9192,0,9192,1934,17,1917,66759,6,66765,29691,95.58009271182075,0,0.0,4316,0,40,24093,0,21,40,24114,SPIKE,No,11651,12503,48.23631696613398,51.76368303386602,9192,6512,103
_00098_20180315130127,21,23537,23511,99.8004924017319,47,0.19950759826810427,23490,99.80031439860645,47,0.1996856013935506,24939,3,24942,8718,0,8718,1930,18,1912,64534,3,64537,29507,94.98776719031676,0,0.0,4565,0,47,23490,0,21,47,23511,NORMAL,No,0,0,0.0,0.0,8718,0,0
_00137_20180315130138,21,23712,23691,99.82303122234862,42,0.1769687776513715,23670,99.82287449392713,42,0.1771255060728745,25089,2,25091,8935,0,8935,1961,19,1942,65184,2,65186,29578,95.21632758176668,0,0.0,4487,0,42,23670,0,21,42,23691,NORMAL,No,0,0,0.0,0.0,8935,0,0
_00203_20180315130156,21,23630,23624,99.88583992220202,27,0.11416007779797896,23603,99.88573846804908,27,0.11426153195090986,25160,1,25161,8878,0,8878,1956,20,1936,64927,1,64928,29568,95.18413597733712,0,0.0,4407,0,27,23603,0,21,27,23624,NORMAL,No,0,0,0.0,0.0,8878,0,0
_00150_20180315130142,21,23994,23966,99.79596085779721,49,0.2040391422027899,23945,99.79578227890306,49,0.20421772109694092,25227,0,25227,9163,0,9163,1939,21,1918,66219,0,66219,29645,95.43201133144476,0,0.0,4418,0,49,23945,0,21,49,23966,SPIKE,No,11970,12045,49.84384759525297,50.15615240474703,9163,6560,42
_00061_20180315130117,21,24090,24080,99.87142797893078,31,0.12857202106922153,24059,99.87131589871316,31,0.12868410128684102,25221,3,25224,9271,0,9271,1932,18,1914,66654,3,66657,29663,95.48995621941798,0,0.0,4439,0,31,24059,0,21,31,24080,SPIKE,No,12433,11678,51.56567541785907,48.43432458214093,9271,6612,28
_00007_20180315130101,21,24217,24202,99.85147289380312,36,0.14852710619688092,24181,99.85134409712185,36,0.14865590287814345,25296,1,25297,9367,0,9367,1916,20,1896,67183,1,67184,29624,95.36440896214268,0,0.0,4327,0,36,24181,0,21,36,24202,SPIKE,No,12155,12083,50.14852710619688,49.85147289380312,9367,7230,225
_00160_20180315130144,21,23767,23746,99.82344039011267,42,0.17655960988733815,23725,99.82328438591324,42,0.17671561408675895,25187,0,25187,9035,0,9035,1955,21,1934,65431,0,65431,29553,95.13584857069276,0,0.0,4366,0,42,23725,0,21,42,23746,NORMAL,No,0,0,0.0,0.0,9035,0,0
_00116_20180315130132,21,23394,23375,99.8291693358958,40,0.1708306641042067,23354,99.8290159870052,40,0.17098401299478497,24972,1,24973,8722,0,8722,1980,20,1960,63903,1,63904,29596,95.2742724697399,0,0.0,4623,0,40,23354,0,21,40,23375,NORMAL,No,0,0,0.0,0.0,8722,0,0
_00134_20180315130137,21,23753,23735,99.83595524522588,39,0.164044754774123,23714,99.83581021344672,39,0.16418978655327748,25143,5,25148,9004,0,9004,1940,16,1924,65323,5,65328,29612,95.3257790368272,0,0.0,4464,0,39,23714,0,21,39,23735,NORMAL,No,0,0,0.0,0.0,9004,0,0
_00125_20180315130135,21,23410,23398,99.85916094063421,33,0.14083905936579744,23377,99.85903460059804,33,0.14096539940196495,25025,1,25026,8711,0,8711,1915,20,1895,64060,1,64061,29531,95.06502704094773,0,0.0,4505,0,33,23377,0,21,33,23398,NORMAL,No,0,0,0.0,0.0,8711,0,0
_00174_20180315130148,21,23699,23679,99.82715008431703,41,0.17284991568296795,23658,99.82699691970124,41,0.17300308029874678,25119,0,25119,8888,0,8888,1970,21,1949,65142,0,65142,29574,95.20345093999485,0,0.0,4455,0,41,23658,0,21,41,23679,NORMAL,No,0,0,0.0,0.0,8888,0,0
_00022_20180315130106,21,24283,24259,99.8148452929559,45,0.18515470704410797,24238,99.81468517069555,45,0.18531482930445167,25487,1,25488,9398,0,9398,1969,20,1949,67307,1,67308,29728,95.69920164821013,0,0.0,4240,0,45,24238,0,21,45,24259,SPIKE,No,11687,12617,48.08673469387755,51.91326530612245,9398,7272,230
_00117_20180315130132,21,23643,23638,99.89012846517917,26,0.10987153482082487,23617,99.89003087594637,26,0.1099691240536311,25098,0,25098,8800,0,8800,1912,21,1891,64938,0,64938,29614,95.3322173577131,0,0.0,4516,0,26,23617,0,21,26,23638,NORMAL,No,0,0,0.0,0.0,8800,0,0
_00124_20180315130134,21,23757,23741,99.84439397762638,37,0.15560602237362267,23720,99.84425642968388,37,0.15574357031611735,25163,2,25165,8998,0,8998,1928,19,1909,65341,2,65343,29621,95.3547514808138,0,0.0,4456,0,37,23720,0,21,37,23741,NORMAL,No,0,0,0.0,0.0,8998,0,0
_00200_20180315130156,21,24141,24115,99.80547967883453,47,0.19452032116546644,24094,99.8053104676691,47,0.19468953233088937,25343,0,25343,9306,0,9306,1973,21,1952,66822,0,66822,29638,95.40947720834406,0,0.0,4295,0,47,24094,0,21,47,24115,SPIKE,No,11425,12737,47.2849929641586,52.715007035841396,9306,6972,159
_00151_20180315130142,21,23939,23916,99.81636060100168,44,0.18363939899833057,23895,99.8161995070805,44,0.18380049291950373,25311,1,25312,9084,0,9084,1954,20,1934,65954,1,65955,29709,95.63803759979398,0,0.0,4397,0,44,23895,0,21,44,23916,NORMAL,No,0,0,0.0,0.0,9084,0,0
_00205_20180315130157,21,23667,23636,99.78047956771361,52,0.2195204322863897,23615,99.78028478472135,52,0.21971521527865806,25052,3,25055,8848,0,8848,1907,18,1889,64964,3,64967,29577,95.21310842132372,0,0.0,4522,0,52,23615,0,21,52,23636,NORMAL,No,0,0,0.0,0.0,8848,0,0
_00188_20180315130152,21,23455,23441,99.85091156926222,35,0.14908843073777475,23420,99.850778085696,35,0.14922191430398635,24872,0,24872,8673,0,8673,1877,21,1856,64251,0,64251,29513,95.0070821529745,0,0.0,4641,0,35,23420,0,21,35,23441,NORMAL,No,0,0,0.0,0.0,8673,0,0
_00071_20180315130119,21,24263,24234,99.79410311316093,50,0.205896886839071,24213,99.79392490623583,50,0.20607509376416766,25474,1,25475,9476,0,9476,1971,20,1951,67267,1,67268,29668,95.50605202163275,0,0.0,4193,0,50,24213,0,21,50,24234,SPIKE,No,12213,12071,50.29237357931148,49.70762642068852,9476,7415,291
_00138_20180315130138,21,23823,23794,99.7903036403288,50,0.2096963596711961,23773,99.7901187927633,50,0.209881207236704,25133,3,25136,8995,0,8995,1923,18,1905,65545,3,65548,29628,95.3772856039145,0,0.0,4492,0,50,23773,0,21,50,23794,NORMAL,No,0,0,0.0,0.0,8995,0,0
_00026_20180315130107,21,24365,24349,99.84827359960633,37,0.1517264003936685,24328,99.8481428278268,37,0.15185717217319925,25552,2,25554,9482,0,9482,1945,19,1926,67682,2,67684,29712,95.64769508112285,0,0.0,4158,0,37,24328,0,21,37,24349,SPIKE,No,11757,12629,48.2120889034692,51.78791109653079,9482,7482,306
_00000_20180315130100,21,23926,23910,99.84549212845033,37,0.1545078715496722,23889,99.8453565159241,37,0.15464348407590067,25317,0,25317,9054,0,9054,1878,21,1857,66027,0,66027,29613,95.32899819727015,0,0.0,4296,0,37,23889,0,21,37,23910,NORMAL,No,0,0,0.0,0.0,9054,0,0
_00193_20180315130154,21,23652,23638,99.85215224094961,35,0.14784775905039496,23617,99.85202097074243,35,0.14797902925756806,25059,0,25059,8886,0,8886,1948,21,1927,64919,0,64919,29633,95.39338140612928,0,0.0,4574,0,35,23617,0,21,35,23638,NORMAL,No,0,0,0.0,0.0,8886,0,0
_00130_20180315130136,21,23637,23625,99.86051230027898,33,0.1394876997210246,23604,99.86038837415916,33,0.13961162584084275,24995,0,24995,8832,0,8832,1953,21,1932,64890,0,64890,29610,95.31934071594128,0,0.0,4615,0,33,23604,0,21,33,23625,NORMAL,No,0,0,0.0,0.0,8832,0,0
_00055_20180315130115,21,23651,23641,99.86904359580939,31,0.13095640419060495,23620,99.8689273180838,31,0.13107268191619806,25122,1,25123,8960,0,8960,1957,20,1937,65022,1,65023,29541,95.0972186453773,0,0.0,4418,0,31,23620,0,21,31,23641,NORMAL,No,0,0,0.0,0.0,8960,0,0
_00009_20180315130102,21,24386,24364,99.82382103494899,43,0.17617896505100994,24343,99.82366931846141,43,0.17633068153858772,25546,1,25547,9545,0,9545,1988,20,1968,67756,1,67757,29699,95.60584599536442,0,0.0,4152,0,43,24343,0,21,43,24364,SPIKE,No,11554,12853,47.338878190683,52.661121809317,9545,7666,333
_00185_20180315130151,21,23993,23981,99.86258016157241,33,0.1374198384275839,23960,99.86245988413287,33,0.13754011586712792,25315,0,25315,9171,0,9171,1970,21,1949,66230,0,66230,29694,95.58975019314963,0,0.0,4379,0,33,23960,0,21,33,23981,SPIKE,No,0,0,0.0,0.0,9171,0,0
_00043_20180315130112,21,24262,24244,99.8393938146028,39,0.16060618539719143,24223,99.83925480174759,39,0.16074519825241118,25382,0,25382,9478,0,9478,1909,21,1888,67331,0,67331,29645,95.43201133144476,0,0.0,4263,0,39,24223,0,21,39,24244,SPIKE,No,12104,12179,49.84557097557962,50.15442902442038,9478,7568,332
_00204_20180315130157,21,23779,23761,99.83613445378151,39,0.1638655462184874,23740,99.8359897388452,39,0.16401026115480047,25090,3,25093,9036,0,9036,1922,18,1904,65438,3,65441,29603,95.29680659284058,0,0.0,4510,0,39,23740,0,21,39,23761,NORMAL,No,0,0,0.0,0.0,9036,0,0
_00040_20180315130111,21,24022,24006,99.8461090546105,37,0.15389094538951045,23985,99.8459745233536,37,0.15402547664640745,25256,1,25257,9165,0,9165,1894,20,1874,66409,1,66410,29614,95.3322173577131,0,0.0,4357,0,37,23985,0,21,37,24006,SPIKE,No,11467,12576,47.693715426527476,52.306284573472524,9165,6831,81
_00104_20180315130129,21,23450,23437,99.85514038600827,34,0.14485961399173447,23416,99.85501066098081,34,0.14498933901918978,24977,2,24979,8713,0,8713,1942,19,1923,64172,2,64174,29574,95.20345093999485,0,0.0,4595,0,34,23416,0,21,34,23437,NORMAL,No,0,0,0.0,0.0,8713,0,0
_00167_20180315130146,21,24015,23996,99.833582958895,40,0.16641704110500916,23975,99.8334374349365,40,0.16656256506350198,25341,1,25342,9229,0,9229,1904,20,1884,66368,1,66369,29615,95.33543651815607,0,0.0,4273,0,40,23975,0,21,40,23996,SPIKE,No,10875,13161,45.24463305042437,54.75536694957563,9229,6834,95
_00067_20180315130118,21,24290,24260,99.79021841964543,51,0.20978158035457203,24239,99.79003705228489,51,0.20996294771510912,25382,1,25383,9425,0,9425,1980,19,1961,67298,2,67300,29740,95.73783157352563,0,0.0,4357,0,51,24239,0,21,51,24260,SPIKE,No,11567,12744,47.579285097281065,52.420714902718935,9425,7391,284
_00127_20180315130135,21,23634,23617,99.83935742971887,38,0.1606425702811245,23596,99.83921469069983,38,0.1607853093001608,25043,2,25045,8938,0,8938,1981,19,1962,64915,2,64917,29551,95.12941024980684,0,0.0,4506,0,38,23596,0,21,38,23617,NORMAL,No,0,0,0.0,0.0,8938,0,0
_00149_20180315130141,21,23813,23809,99.89510782915163,25,0.10489217084836788,23788,99.89501532776215,25,0.10498467223785328,25155,3,25158,8883,0,8883,1935,18,1917,65575,3,65578,29658,95.4738604172032,0,0.0,4500,0,25,23788,0,21,25,23809,NORMAL,No,0,0,0.0,0.0,8883,0,0
_00186_20180315130152,21,23687,23664,99.81440863843429,44,0.18559136156571623,23643,99.81424410013932,44,0.18575589986068308,25177,2,25179,8910,0,8910,1950,19,1931,65058,2,65060,29596,95.2742724697399,0,0.0,4417,0,44,23643,0,21,44,23664,NORMAL,No,0,0,0.0,0.0,8910,0,0
_00091_20180315130125,21,23444,23425,99.82953334753888,40,0.17046665246111228,23404,99.8293806517659,40,0.17061934823408975,24890,0,24890,8695,0,8695,1995,21,1974,64187,0,64187,29513,95.0070821529745,0,0.0,4623,0,40,23404,0,21,40,23425,NORMAL,No,0,0,0.0,0.0,8695,0,0
_00020_20180315130105,21,24299,24282,99.84375,38,0.15625,24261,99.84361496357876,38,0.1563850364212519,25529,0,25529,9474,0,9474,2022,21,2001,67331,0,67331,29797,95.92132371877415,0,0.0,4268,0,38,24261,0,21,38,24282,SPIKE,No,12243,12077,50.341282894736835,49.65871710526316,9474,6957,112
_00052_20180315130114,21,23808,23793,99.84892358051114,36,0.1510764194888581,23772,99.84879032258065,36,0.15120967741935484,25186,2,25188,9036,0,9036,1924,19,1905,65564,2,65566,29606,95.30646407416945,0,0.0,4418,0,36,23772,0,21,36,23793,NORMAL,No,0,0,0.0,0.0,9036,0,0
_00045_20180315130112,21,24026,24012,99.85445169875659,35,0.14554830124339835,23991,99.85432448181137,35,0.14567551818862898,25239,1,25240,9199,0,9199,1951,20,1931,66348,1,66349,29699,95.60584599536442,0,0.0,4459,0,35,23991,0,21,35,24012,SPIKE,No,0,0,0.0,0.0,9199,0,0
_00048_20180315130113,21,23752,23730,99.8191225339671,43,0.18087746603289448,23709,99.81896261367463,43,0.1810373863253621,25209,0,25209,8845,0,8845,1906,21,1885,65236,0,65236,29684,95.55755858872006,0,0.0,4475,0,43,23709,0,21,43,23730,NORMAL,No,0,0,0.0,0.0,8845,0,0
_00087_20180315130124,21,23925,23910,99.84966173891256,36,0.15033826108744675,23889,99.84952978056427,36,0.15047021943573666,25235,2,25237,9119,0,9119,1920,19,1901,66017,2,66019,29621,95.3547514808138,0,0.0,4384,0,36,23889,0,21,36,23910,NORMAL,No,11209,12737,46.80948801469974,53.19051198530026,9119,6501,34
_00083_20180315130123,21,23794,23780,99.85303380222548,35,0.14696619777451186,23759,99.85290409346894,35,0.14709590653105825,25179,0,25179,8965,0,8965,1950,21,1929,65459,0,65459,29661,95.48351789853207,0,0.0,4482,0,35,23759,0,21,35,23780,NORMAL,No,0,0,0.0,0.0,8965,0,0
_00139_20180315130138,21,23944,23928,99.84560817859378,37,0.1543918214062174,23907,99.84547276979619,37,0.15452723020380887,25219,2,25221,9137,0,9137,1963,19,1944,66112,2,66114,29598,95.2807107906258,0,0.0,4377,0,37,23907,0,21,37,23928,NORMAL,No,11174,12791,46.62633006467766,53.37366993532234,9137,6259,13
_00114_20180315130131,21,24382,24354,99.79920501577675,49,0.20079498422325123,24333,99.79903207284062,49,0.20096792715937986,25529,2,25531,9427,0,9427,1914,19,1895,67672,2,67674,29742,95.74426989441153,0,0.0,4211,0,49,24333,0,21,49,24354,SPIKE,No,11538,12865,47.28107199934434,52.71892800065565,9427,7509,237
_00181_20180315130150,21,23817,23794,99.8154207567749,44,0.18457924322510277,23773,99.81525800898517,44,0.18474199101482133,25138,1,25139,9005,0,9005,1899,20,1879,65536,1,65537,29639,95.41269636878702,0,0.0,4500,0,44,23773,0,21,44,23794,NORMAL,No,0,0,0.0,0.0,9005,0,0
_00108_20180315130130,21,23772,23759,99.8571008279746,34,0.14289917202538563,23738,99.85697459195693,34,0.14302540804307587,25152,1,25153,8969,0,8969,1965,20,1945,65433,1,65434,29602,95.29358743239763,0,0.0,4449,0,34,23738,0,21,34,23759,NORMAL,No,0,0,0.0,0.0,8969,0,0
_00076_20180315130121,21,23931,23918,99.85804943219773,34,0.14195056780227122,23897,99.8579248673269,34,0.14207513267310184,25231,3,25234,9135,0,9135,1933,18,1915,66017,3,66020,29652,95.45454545454545,0,0.0,4418,0,34,23897,0,21,34,23918,NORMAL,No,0,0,0.0,0.0,9135,0,0
_00049_20180315130113,21,24036,24016,99.8295714345097,41,0.17042856549029387,23995,99.82942253286737,41,0.17057746713263439,25302,2,25304,9165,0,9165,1899,19,1880,66375,2,66377,29687,95.56721607004893,0,0.0,4383,0,41,23995,0,21,41,24016,SPIKE,No,0,0,0.0,0.0,9165,0,0
_00068_20180315130119,21,24115,24083,99.78041100430892,53,0.21958899569108387,24062,99.78021978021978,53,0.21978021978021978,25348,1,25349,9229,0,9229,1982,20,1962,66643,1,66644,29688,95.5704352304919,0,0.0,4339,0,53,24062,0,21,53,24083,SPIKE,No,11008,13128,45.60822008617833,54.39177991382168,9229,6580,20
_00119_20180315130133,21,23805,23784,99.82372198438681,42,0.17627801561319567,23763,99.82356647763075,42,0.17643352236925014,25267,1,25268,9053,0,9053,1960,20,1940,65556,1,65557,29579,95.21954674220963,0,0.0,4311,0,42,23763,0,21,42,23784,NORMAL,No,0,0,0.0,0.0,9053,0,0
_00095_20180315130126,21,23510,23494,99.84276061365858,37,0.15723938634142196,23473,99.84262016163335,37,0.15737983836665248,25064,2,25066,8788,0,8788,2003,19,1984,64420,2,64422,29554,95.13906773113573,0,0.0,4488,0,37,23473,0,21,37,23494,NORMAL,No,0,0,0.0,0.0,8788,0,0
_00046_20180315130112,21,23918,23907,99.86632691424036,32,0.13367308575963907,23886,99.86620954929342,32,0.13379045070658083,25256,0,25256,9162,0,9162,1931,21,1910,66001,0,66001,29627,95.37406644347153,0,0.0,4371,0,32,23886,0,21,32,23907,NORMAL,No,11389,12550,47.57508667864155,52.42491332135846,9162,6174,20
_00100_20180315130128,21,23548,23532,99.84301412872841,37,0.15698587127158556,23511,99.84287412943775,37,0.15712587056225583,24993,1,24994,8765,0,8765,1936,20,1916,64526,1,64527,29601,95.29036827195468,0,0.0,4607,0,37,23511,0,21,37,23532,NORMAL,No,0,0,0.0,0.0,8765,0,0
_00135_20180315130137,21,24150,24132,99.83864962144719,39,0.16135037855281123,24111,99.83850931677019,39,0.16149068322981366,25335,2,25337,9250,0,9250,1933,19,1914,66862,2,66864,29664,95.49317537986093,0,0.0,4327,0,39,24111,0,21,39,24132,SPIKE,No,11078,13093,45.83178188738571,54.168218112614284,9250,6984,190
_00075_20180315130121,21,23994,23974,99.82927337080991,41,0.17072662919008952,23953,99.82912394765357,41,0.17087605234641995,25318,0,25318,9120,0,9120,1901,21,1880,66279,0,66279,29617,95.34187483904198,0,0.0,4299,0,41,23953,0,21,41,23974,SPIKE,No,10777,13238,44.87611909223402,55.12388090776598,9120,6727,85
_00180_20180315130150,21,23762,23741,99.82340327124417,42,0.176596728755834,23720,99.82324720141402,42,0.17675279858597762,25198,0,25198,8944,0,8944,1891,21,1870,65355,0,65355,29609,95.31612155549833,0,0.0,4411,0,42,23720,0,21,42,23741,NORMAL,No,0,0,0.0,0.0,8944,0,0
_00187_20180315130152,21,23567,23552,99.84738002374088,36,0.1526199762591148,23531,99.84724402766581,36,0.1527559723341961,25054,0,25054,8782,0,8782,1964,21,1943,64589,0,64589,29619,95.34831315992788,0,0.0,4565,0,36,23531,0,21,36,23552,NORMAL,No,0,0,0.0,0.0,8782,0,0
_00152_20180315130142,21,23690,23667,99.81443212011303,44,0.1855678798869723,23646,99.81426762346982,44,0.18573237653018151,25138,0,25138,8892,0,8892,1986,21,1965,65013,0,65013,29655,95.46420293587433,0,0.0,4517,0,44,23646,0,21,44,23667,NORMAL,No,0,0,0.0,0.0,8892,0,0
_00212_20180315130159,21,23446,23425,99.82102526952742,42,0.1789747304725785,23404,99.82086496630555,42,0.1791350336944468,24926,0,24926,8657,0,8657,1910,21,1889,64165,0,64165,29535,95.07790368271955,0,0.0,4609,0,42,23404,0,21,42,23425,NORMAL,No,0,0,0.0,0.0,8657,0,0
_00140_20180315130139,21,23646,23632,99.85211475894705,35,0.14788524105294293,23611,99.85198342214328,35,0.14801657785671996,25067,0,25067,8815,0,8815,1912,21,1891,64976,0,64976,29552,95.1326294102498,0,0.0,4485,0,35,23611,0,21,35,23632,NORMAL,No,0,0,0.0,0.0,8815,0,0
_00144_20180315130140,21,23709,23704,99.89043404972608,26,0.10956595027391489,23683,99.89033700282593,26,0.10966299717406892,25226,1,25227,8959,0,8959,1996,20,1976,65214,1,65215,29601,95.29036827195468,0,0.0,4374,0,26,23683,0,21,26,23704,NORMAL,No,0,0,0.0,0.0,8959,0,0
_00129_20180315130136,21,23478,23456,99.81701348993575,43,0.18298651006425806,23435,99.81684981684981,43,0.18315018315018314,24956,1,24957,8725,0,8725,1893,20,1873,64272,1,64273,29551,95.12941024980684,0,0.0,4594,0,43,23435,0,21,43,23456,NORMAL,No,0,0,0.0,0.0,8725,0,0
_00159_20180315130144,21,23870,23850,99.82838725880039,41,0.17161274119961492,23829,99.82823627984918,41,0.17176372015081692,25266,2,25268,9066,0,9066,1982,19,1963,65733,2,65735,29665,95.49639454030388,0,0.0,4397,0,41,23829,0,21,41,23850,NORMAL,No,0,0,0.0,0.0,9066,0,0
_00178_20180315130149,21,23730,23718,99.86105848174813,33,0.13894151825186307,23697,99.86093552465233,33,0.1390644753476612,25072,2,25074,8993,0,8993,1956,19,1937,65297,2,65299,29573,95.20023177955188,0,0.0,4499,0,33,23697,0,21,33,23718,NORMAL,No,0,0,0.0,0.0,8993,0,0
_00153_20180315130142,21,23810,23785,99.80697410935336,46,0.19302589064663672,23764,99.80680386392272,46,0.19319613607727845,25095,1,25096,9044,0,9044,1971,20,1951,65527,1,65528,29612,95.3257790368272,0,0.0,4516,0,46,23764,0,21,46,23785,NORMAL,No,0,0,0.0,0.0,9044,0,0
_00025_20180315130107,22,24579,24548,99.78456160318686,53,0.2154383968131377,24526,99.78436877008828,53,0.21563122991171327,25589,0,25589,9640,0,9640,1929,22,1907,68442,0,68442,29750,95.77002317795518,0,0.0,4161,0,53,24526,0,22,53,24548,SPIKE,No,11172,13429,45.41278809804479,54.5872119019552,9640,7870,397
_00060_20180315130116,21,24178,24158,99.83057151121947,41,0.16942848878052813,24137,99.83042435271734,41,0.16957564728265365,25372,0,25372,9349,0,9349,1970,21,1949,66959,0,66959,29673,95.52214782384753,0,0.0,4301,0,41,24137,0,21,41,24158,SPIKE,No,11188,13011,46.233315426257285,53.766684573742715,9349,7226,190
_00085_20180315130123,21,24058,24034,99.81311516258981,45,0.18688483741019146,24013,99.81295203258792,45,0.18704796741208746,25273,1,25274,9188,0,9188,1962,20,1942,66433,1,66434,29702,95.61550347669328,0,0.0,4428,0,45,24013,0,21,45,24034,SPIKE,No,0,0,0.0,0.0,9188,0,0
_00136_20180315130138,21,23762,23750,99.86124542740613,33,0.13875457259386956,23729,99.86112280111101,33,0.1388771988889824,25186,2,25188,8950,0,8950,1986,19,1967,65365,2,65367,29633,95.39338140612928,0,0.0,4445,0,33,23729,0,21,33,23750,NORMAL,No,0,0,0.0,0.0,8950,0,0
_00173_20180315130148,21,23393,23381,99.85905868283933,33,0.1409413171606731,23360,99.85893215919293,33,0.14106784080707904,24943,0,24943,8694,0,8694,1949,21,1928,63970,0,63970,29554,95.13906773113573,0,0.0,4611,0,33,23360,0,21,33,23381,NORMAL,No,0,0,0.0,0.0,8694,0,0
_00132_20180315130136,21,23795,23776,99.83204568357407,40,0.16795431642593214,23755,99.83189745744905,40,0.16810254255095608,25141,6,25147,9005,0,9005,1889,16,1873,65486,6,65492,29612,95.3257790368272,0,0.0,4465,0,40,23755,0,21,40,23776,NORMAL,No,0,0,0.0,0.0,9005,0,0
_00110_20180315130130,21,24391,24369,99.82385711944946,43,0.1761428805505489,24348,99.82370546513059,43,0.17629453486941904,25527,1,25528,9390,0,9390,1951,20,1931,67709,1,67710,29766,95.82152974504248,0,0.0,4238,0,43,24348,0,21,43,24369,SPIKE,No,12276,12136,50.28674422415206,49.71325577584794,9390,7197,207
_00028_20180315130107,21,24302,24279,99.81910126217983,44,0.1808987378201702,24258,99.81894494280306,44,0.1810550571969385,25462,0,25462,9387,0,9387,1943,21,1922,67393,0,67393,29723,95.68310584599537,0,0.0,4261,0,44,24258,0,21,44,24279,SPIKE,No,12359,11964,50.811988652715534,49.188011347284466,9387,7114,165
_00131_20180315130136,21,23973,23958,99.84996249062266,36,0.15003750937734434,23937,99.84983105994245,36,0.15016894005756476,25270,0,25270,9200,0,9200,1925,21,1904,66243,0,66243,29589,95.25173834663919,0,0.0,4319,0,36,23937,0,21,36,23958,NORMAL,No,11737,12257,48.916395765608065,51.083604234391935,9200,6034,35
_00096_20180315130126,6,7654,7660,100.0,0,0.0,7654,100.0,0,0.0,8034,0,8034,298,0,298,1873,6,1867,11133,0,11133,19507,62.796162760752,0,0.0,11473,0,0,7654,0,6,0,7660,DROP,No,0,0,0.0,0.0,298,0,0
_00024_20180315130106,22,24484,24456,99.79596833428548,50,0.2040316657145189,24434,99.79578500245057,50,0.20421499754942002,25533,0,25533,9567,0,9567,1961,22,1939,68101,0,68101,29723,95.68310584599537,0,0.0,4190,0,50,24434,0,22,50,24456,SPIKE,No,11581,12925,47.25781441279687,52.74218558720314,9567,7666,363
_00023_20180315130106,21,24006,23999,99.88346443584301,28,0.11653556415699005,23978,99.88336249271016,28,0.11663750728984422,25321,1,25322,9199,0,9199,1942,20,1922,66320,1,66321,29675,95.52858614473345,0,0.0,4353,0,28,23978,0,21,28,23999,SPIKE,No,0,0,0.0,0.0,9199,0,0
_00044_20180315130112,21,24106,24085,99.82592116715713,42,0.17407883284287312,24064,99.82576951796234,42,0.17423048203766697,25388,1,25389,9279,0,9279,1937,20,1917,66668,1,66669,29671,95.51570950296163,0,0.0,4282,0,42,24064,0,21,42,24085,SPIKE,No,10988,13139,45.54233845898786,54.45766154101215,9279,7053,144
_00175_20180315130149,21,23692,23679,99.8566187323409,34,0.14338126765908996,23658,99.85649164274861,34,0.14350835725139288,25107,0,25107,8984,0,8984,2001,21,1980,65120,0,65120,29596,95.2742724697399,0,0.0,4489,0,34,23658,0,21,34,23679,NORMAL,No,0,0,0.0,0.0,8984,0,0
_00184_20180315130151,21,23563,23545,99.83463364993216,39,0.16536635006784262,23524,99.83448627084837,39,0.16551372915163604,25036,1,25037,8740,0,8740,1950,20,1930,64602,1,64603,29577,95.21310842132372,0,0.0,4540,0,39,23524,0,21,39,23545,NORMAL,No,0,0,0.0,0.0,8740,0,0
_00047_20180315130113,21,23910,23890,99.82867410471773,41,0.17132589528226985,23869,99.82852363028022,41,0.1714763697197825,25262,0,25262,9117,0,9117,1906,21,1885,65937,0,65937,29623,95.36118980169972,0,0.0,4361,0,41,23869,0,21,41,23890,NORMAL,No,0,0,0.0,0.0,9117,0,0
_00064_20180315130117,21,23735,23710,99.80636470786328,46,0.19363529213672334,23689,99.80619338529597,46,0.19380661470402358,25108,2,25110,8975,0,8975,1925,19,1906,65253,2,65255,29585,95.23886170486738,0,0.0,4475,0,46,23689,0,21,46,23710,NORMAL,No,0,0,0.0,0.0,8975,0,0
_00192_20180315130153,21,23873,23866,99.88281576964928,28,0.11718423035071567,23845,99.88271268797386,28,0.11728731202613832,25257,2,25259,8982,0,8982,1940,19,1921,65779,2,65781,29683,95.5543394282771,0,0.0,4424,0,28,23845,0,21,28,23866,NORMAL,No,0,0,0.0,0.0,8982,0,0
_00147_20180315130141,21,23507,23495,99.85974158449507,33,0.1402584155049303,23474,99.859616284511,33,0.14038371548900327,25052,1,25053,8746,0,8746,1960,20,1940,64411,1,64412,29568,95.18413597733712,0,0.0,4515,0,33,23474,0,21,33,23495,NORMAL,No,0,0,0.0,0.0,8746,0,0
_00042_20180315130111,21,24295,24267,99.79848659318968,49,0.20151340681033064,24246,99.7983124099609,49,0.2016875900391027,25552,0,25552,9423,0,9423,1957,21,1936,67341,0,67341,29727,95.6959824877672,0,0.0,4175,0,49,24246,0,21,49,24267,SPIKE,No,11874,12442,48.83204474420135,51.167955255798645,9423,7199,184
_00161_20180315130145,21,23836,23831,99.89101731148091,26,0.10898268851909293,23810,99.89092129551939,26,0.10907870448061754,25229,1,25230,8996,0,8996,1927,20,1907,65678,1,65679,29645,95.43201133144476,0,0.0,4415,0,26,23810,0,21,26,23831,NORMAL,No,11374,12483,47.67573458523704,52.32426541476296,8996,6063,11
_00008_20180315130102,21,23678,23665,99.85653403097177,34,0.14346596902822903,23644,99.85640679111411,34,0.14359320888588561,25140,1,25141,8911,0,8911,1966,20,1946,65013,1,65014,29646,95.43523049188771,0,0.0,4505,0,34,23644,0,21,34,23665,NORMAL,No,0,0,0.0,0.0,8911,0,0
_00016_20180315130104,21,24365,24339,99.8072664643648,47,0.19273353563520051,24318,99.80710034886107,47,0.1928996511389288,25502,1,25503,9492,0,9492,1954,20,1934,67590,1,67591,29765,95.81831058459954,0,0.0,4262,0,47,24318,0,21,47,24339,SPIKE,No,12248,12138,50.22553924382842,49.77446075617157,9492,7333,273
_00115_20180315130132,21,23530,23527,99.89809349921447,24,0.10190650078552928,23506,99.89800254993625,24,0.1019974500637484,25063,2,25065,8837,0,8837,1915,19,1896,64534,2,64536,29572,95.19701261910893,0,0.0,4507,0,24,23506,0,21,24,23527,NORMAL,No,0,0,0.0,0.0,8837,0,0
_00126_20180315130135,21,23659,23644,99.84797297297298,36,0.15202702702702703,23623,99.84783803203855,36,0.1521619679614523,25066,3,25069,8848,0,8848,1914,18,1896,64922,3,64925,29651,95.4513262941025,0,0.0,4582,0,36,23623,0,21,36,23644,NORMAL,No,0,0,0.0,0.0,8848,0,0
_00021_20180315130105,21,24424,24402,99.82409490693394,43,0.1759050930660667,24381,99.82394366197182,43,0.17605633802816903,25567,1,25568,9609,0,9609,1941,20,1921,67836,1,67837,29771,95.83762554725728,0,0.0,4203,0,43,24381,0,21,43,24402,SPIKE,No,11748,12697,48.058907752096545,51.941092247903455,9609,7671,316
_00054_20180315130115,22,24730,24718,99.86263736263736,34,0.13736263736263737,24696,99.8625151637687,34,0.137484836231298,25765,0,25765,9778,0,9778,1896,22,1874,69088,0,69088,29784,95.8794746330157,0,0.0,4019,0,34,24696,0,22,34,24718,SPIKE,No,11716,13036,47.33354880413704,52.66645119586296,9778,8281,573
_00191_20180315130153,21,23389,23387,99.9017513882956,23,0.09824861170439983,23366,99.90166317499678,23,0.09833682500320663,24978,2,24980,8691,0,8691,1971,20,1951,63972,2,63974,29574,95.20345093999485,0,0.0,4594,0,23,23366,0,21,23,23387,NORMAL,No,0,0,0.0,0.0,8691,0,0
_00077_20180315130121,21,23849,23832,99.84080435693339,38,0.1591956430666108,23811,99.84066417879156,38,0.15933582120843642,25171,1,25172,9063,0,9063,1940,20,1920,65712,1,65713,29615,95.33543651815607,0,0.0,4443,0,38,23811,0,21,38,23832,NORMAL,No,0,0,0.0,0.0,9063,0,0
_00084_20180315130123,21,23700,23673,99.79764765397748,48,0.20235234602251168,23652,99.79746835443038,48,0.20253164556962028,25047,5,25052,8956,0,8956,1967,16,1951,65087,5,65092,29600,95.28714911151171,0,0.0,4548,0,48,23652,0,21,48,23673,NORMAL,No,0,0,0.0,0.0,8956,0,0
_00063_20180315130117,21,23818,23804,99.85318176097991,35,0.1468182390200931,23783,99.85305231337644,35,0.146947686623562,25223,0,25223,9042,0,9042,1952,21,1931,65593,0,65593,29623,95.36118980169972,0,0.0,4400,0,35,23783,0,21,35,23804,NORMAL,No,0,0,0.0,0.0,9042,0,0
_00033_20180315130109,21,24240,24214,99.80627344297433,47,0.19372655702567906,24193,99.80610561056106,47,0.19389438943894388,25341,0,25341,9357,0,9357,1922,21,1901,67143,0,67143,29713,95.6509142415658,0,0.0,4372,0,47,24193,0,21,47,24214,SPIKE,No,11879,12382,48.96335682783067,51.03664317216933,9357,7219,206
_00002_20180315130100,21,24194,24172,99.82242411728267,43,0.17757588271732397,24151,99.82226998429363,43,0.17773001570637348,25424,0,25424,9265,0,9265,1947,21,1926,66965,0,66965,29723,95.68310584599537,0,0.0,4299,0,43,24151,0,21,43,24172,SPIKE,No,11421,12794,47.16498038405947,52.83501961594054,9265,6649,46
_00162_20180315130145,21,23882,23861,99.82428983809564,42,0.17571016190436348,23840,99.82413533204925,42,0.1758646679507579,25204,1,25205,9123,0,9123,1919,20,1899,65773,1,65774,29670,95.51249034251867,0,0.0,4465,0,42,23840,0,21,42,23861,NORMAL,No,0,0,0.0,0.0,9123,0,0
_00001_20180315130100,21,23880,23862,99.8368269110079,39,0.1631730889920924,23841,99.83668341708542,39,0.16331658291457288,25239,2,25241,9032,0,9032,1968,19,1949,65819,2,65821,29627,95.37406644347153,0,0.0,4386,0,39,23841,0,21,39,23862,NORMAL,No,0,0,0.0,0.0,9032,0,0
_00105_20180315130129,21,23696,23676,99.82712822026394,41,0.1728717797360543,23655,99.82697501688048,41,0.17302498311951384,25043,1,25044,8876,0,8876,1951,20,1931,65103,1,65104,29600,95.28714911151171,0,0.0,4556,0,41,23655,0,21,41,23676,NORMAL,No,0,0,0.0,0.0,8876,0,0
_00041_20180315130111,21,23900,23884,99.84532419213244,37,0.15467580786756407,23863,99.84518828451883,37,0.15481171548117154,25218,1,25219,9081,0,9081,1926,20,1906,65926,1,65927,29609,95.31612155549833,0,0.0,4390,0,37,23863,0,21,37,23884,NORMAL,No,0,0,0.0,0.0,9081,0,0
_00062_20180315130117,21,23597,23578,99.83063764925058,40,0.1693623507494284,23557,99.83048692630419,40,0.16951307369580879,25065,0,25065,8883,0,8883,2000,21,1979,64731,0,64731,29581,95.22598506309554,0,0.0,4516,0,40,23557,0,21,40,23578,NORMAL,No,0,0,0.0,0.0,8883,0,0
_00112_20180315130131,21,23708,23690,99.83564414851026,39,0.1643558514897383,23669,99.83549856588493,39,0.16450143411506665,25095,1,25096,8948,0,8948,1929,20,1909,65116,1,65117,29643,95.42557301055885,0,0.0,4547,0,39,23669,0,21,39,23690,NORMAL,No,0,0,0.0,0.0,8948,0,0
_00069_20180315130119,21,23813,23795,99.83636821347655,39,0.1636317865234539,23774,99.83622391130895,39,0.1637760886910511,25208,0,25208,8999,0,8999,1974,21,1953,65552,0,65552,29628,95.3772856039145,0,0.0,4420,0,39,23774,0,21,39,23795,NORMAL,No,0,0,0.0,0.0,8999,0,0
_00073_20180315130120,21,24007,23996,99.86682204095221,32,0.1331779590477776,23975,99.86670554421627,32,0.13329445578372973,25356,1,25357,9224,0,9224,1928,20,1908,66304,1,66305,29679,95.54146278650528,0,0.0,4322,0,32,23975,0,21,32,23996,SPIKE,No,11504,12524,47.877476277676045,52.122523722323955,9224,6272,18
_00177_20180315130149,21,23479,23466,99.85531914893618,34,0.14468085106382977,23445,99.85518974402657,34,0.14481025597342306,25101,1,25102,8804,0,8804,1902,20,1882,64264,1,64265,29599,95.28392995106876,0,0.0,4497,0,34,23445,0,21,34,23466,NORMAL,No,0,0,0.0,0.0,8804,0,0
_00088_20180315130124,21,23925,23904,99.82460536206464,42,0.17539463793535454,23883,99.82445141065831,42,0.1755485893416928,25249,6,25255,9020,0,9020,1900,15,1885,65958,7,65965,29651,95.4513262941025,0,0.0,4396,0,42,23883,0,21,42,23904,NORMAL,No,0,0,0.0,0.0,9020,0,0
_00189_20180315130152,21,24167,24152,99.85116586737225,36,0.14883413262774928,24131,99.85103653742708,36,0.14896346257293003,25335,1,25336,9252,0,9252,1928,20,1908,66935,1,66936,29672,95.51892866340458,0,0.0,4336,0,36,24131,0,21,36,24152,SPIKE,No,11672,12516,48.25533322308583,51.74466677691417,9252,7147,206
_00017_20180315130104,21,24312,24287,99.81095631447006,46,0.18904368552993878,24266,99.81079302402107,46,0.18920697597894046,25396,0,25396,9332,0,9332,1918,21,1897,67484,0,67484,29664,95.49317537986093,0,0.0,4268,0,46,24266,0,21,46,24287,SPIKE,No,12304,12029,50.56507623392101,49.43492376607899,9332,7357,241
_00208_20180315130158,21,24060,24038,99.82143598687763,43,0.17856401312237863,24017,99.82128013300084,43,0.17871986699916875,25290,0,25290,9172,0,9172,1904,21,1883,66484,0,66484,29668,95.50605202163275,0,0.0,4378,0,43,24017,0,21,43,24038,SPIKE,No,10820,13261,44.931688883352024,55.06831111664798,9172,6479,8
_00029_20180315130108,21,24173,24144,99.7933371910391,50,0.2066628089608994,24123,99.79315765523518,50,0.20684234476482025,25401,3,25404,9352,0,9352,1930,19,1911,66878,3,66881,29695,95.59296935359258,0,0.0,4291,0,50,24123,0,21,50,24144,SPIKE,No,11215,12979,46.354468049929736,53.64553195007027,9352,6736,63
_00099_20180315130127,21,24031,24008,99.81706303010145,44,0.18293696989855313,23987,99.81690316674296,44,0.18309683325704298,25333,0,25333,9130,0,9130,1893,21,1872,66363,0,66363,29669,95.50927118207572,0,0.0,4336,0,44,23987,0,21,44,24008,SPIKE,No,11364,12688,47.24763013470813,52.75236986529187,9130,6219,16
_00172_20180315130148,21,23593,23581,99.86025239264843,33,0.1397476073515711,23560,99.860128004069,33,0.1398719959309965,25151,2,25153,8854,0,8854,1925,19,1906,64783,2,64785,29539,95.09078032449138,0,0.0,4386,0,33,23560,0,21,33,23581,NORMAL,No,0,0,0.0,0.0,8854,0,0
_00196_20180315130154,21,24068,24053,99.85055419486073,36,0.1494458051392752,24032,99.8504237992355,36,0.1495762007645006,25243,0,25243,9254,0,9254,1934,21,1913,66587,0,66587,29625,95.36762812258563,0,0.0,4382,0,36,24032,0,21,36,24053,SPIKE,No,11874,12215,49.29220806177093,50.707791938229064,9254,6724,58
_00118_20180315130133,21,23777,23757,99.82771661484159,41,0.17228338515841668,23736,99.82756445304287,41,0.17243554695714347,25163,1,25164,9019,0,9019,1953,20,1933,65471,1,65472,29556,95.14550605202163,0,0.0,4392,0,41,23736,0,21,41,23757,NORMAL,No,0,0,0.0,0.0,9019,0,0
_00176_20180315130149,21,23459,23454,99.8892674616695,26,0.11073253833049404,23433,99.88916833624621,26,0.1108316637537832,25009,0,25009,8784,0,8784,1947,21,1926,64290,0,64290,29526,95.04893123873293,0,0.0,4517,0,26,23433,0,21,26,23454,NORMAL,No,0,0,0.0,0.0,8784,0,0
_00014_20180315130103,22,24564,24548,99.84544049459042,38,0.1545595054095827,24526,99.84530206806708,38,0.15469793193290995,25553,0,25553,9533,0,9533,1914,22,1892,68381,0,68381,29811,95.96639196497554,0,0.0,4258,0,38,24526,0,22,38,24548,SPIKE,No,11287,13299,45.90824046205157,54.09175953794843,9533,7666,308
_00214_20180315130159,7,8836,8843,100.0,0,0.0,8836,100.0,0,0.0,9826,0,9826,535,0,535,1897,7,1890,14344,0,14344,21028,67.6925057944888,0,0.0,11202,0,0,8836,0,7,0,8843,DROP,No,0,0,0.0,0.0,535,0,0
_00128_20180315130135,21,23820,23806,99.85319407742963,35,0.14680592257036196,23785,99.85306465155331,35,0.14693534844668346,25093,2,25095,9036,0,9036,1919,19,1900,65647,2,65649,29575,95.2066701004378,0,0.0,4480,0,35,23785,0,21,35,23806,NORMAL,No,0,0,0.0,0.0,9036,0,0
_00097_20180315130127,17,19240,19247,99.94807083138599,10,0.051929168614010486,19230,99.94802494802495,10,0.05197505197505198,22042,0,22042,5520,0,5520,1970,17,1953,48557,0,48557,28431,91.5239505536956,0,0.0,6389,0,10,19230,0,17,10,19247,DROP,No,0,0,0.0,0.0,5520,0,0
_00133_20180315130137,21,23890,23881,99.87453473296809,30,0.12546526703191,23860,99.87442444537463,30,0.12557555462536626,25171,0,25171,9158,0,9158,1974,21,1953,65926,0,65926,29598,95.2807107906258,0,0.0,4427,0,30,23860,0,21,30,23881,NORMAL,No,0,0,0.0,0.0,9158,0,0
_00199_20180315130155,21,23491,23475,99.84263354882613,37,0.15736645117386866,23454,99.84249286960963,37,0.15750713039036227,24909,1,24910,8721,0,8721,1964,20,1944,64343,1,64344,29556,95.14550605202163,0,0.0,4646,0,37,23454,0,21,37,23475,NORMAL,No,0,0,0.0,0.0,8721,0,0
_00081_20180315130122,21,24184,24162,99.82235075397645,43,0.17764924602354887,24141,99.82219649354946,43,0.17780350645054582,25396,1,25397,9382,0,9382,1955,20,1935,66972,1,66973,29675,95.52858614473345,0,0.0,4278,0,43,24141,0,21,43,24162,SPIKE,No,11344,12861,46.86634992770089,53.13365007229911,9382,7223,169
_00038_20180315130110,21,24045,24034,99.86703232776532,32,0.13296767223468794,24013,99.86691619879393,32,0.13308380120607194,25311,5,25316,9225,0,9225,1946,16,1930,66456,5,66461,29675,95.52858614473345,0,0.0,4359,0,32,24013,0,21,32,24034,SPIKE,No,11268,12798,46.82124158563949,53.1787584143605,9225,6820,115
_00092_20180315130125,21,23900,23879,99.82442205593412,42,0.17557794406588353,23858,99.82426778242677,42,0.17573221757322177,25215,3,25218,9045,0,9045,2022,18,2004,65877,3,65880,29636,95.40303888745815,0,0.0,4418,0,42,23858,0,21,42,23879,NORMAL,No,0,0,0.0,0.0,9045,0,0
_00141_20180315130139,21,23794,23786,99.87822800755825,29,0.12177199244173839,23765,99.87812053458856,29,0.12187946541144827,25175,2,25177,8980,0,8980,1916,19,1897,65500,2,65502,29642,95.4223538501159,0,0.0,4465,0,29,23765,0,21,29,23786,NORMAL,No,0,0,0.0,0.0,8980,0,0
_00198_20180315130155,21,23795,23787,99.8782331205912,29,0.12176687940880081,23766,99.87812565665055,29,0.12187434334944315,25181,1,25182,9051,0,9051,1906,20,1886,65569,1,65570,29578,95.21632758176668,0,0.0,4396,0,29,23766,0,21,29,23787,NORMAL,No,0,0,0.0,0.0,9051,0,0
_00005_20180315130101,21,23992,23962,99.78761504185233,51,0.21238495814767003,23941,99.78742914304767,51,0.21257085695231742,25263,1,25264,9107,0,9107,1952,20,1932,66243,1,66244,29604,95.30002575328355,0,0.0,4340,0,51,23941,0,21,51,23962,SPIKE,No,11323,12690,47.15362511972682,52.84637488027318,9107,6788,110
_00154_20180315130143,21,23875,23858,99.8409775694677,38,0.15902243053230666,23837,99.84083769633509,38,0.15916230366492146,25262,0,25262,9086,0,9086,1997,21,1976,65834,0,65834,29598,95.2807107906258,0,0.0,4336,0,38,23837,0,21,38,23858,NORMAL,No,0,0,0.0,0.0,9086,0,0
_00156_20180315130143,21,23607,23588,99.83070932791604,40,0.16929067208396817,23567,99.83055873257932,40,0.1694412674206803,25000,0,25000,8787,0,8787,1956,21,1935,64789,0,64789,29563,95.16804017512233,0,0.0,4563,0,40,23567,0,21,40,23588,NORMAL,No,0,0,0.0,0.0,8787,0,0
_00093_20180315130126,21,23768,23748,99.82765143553743,41,0.17234856446256674,23727,99.82749915853249,41,0.17250084146751937,25165,2,25167,8974,0,8974,1919,19,1900,65419,2,65421,29571,95.19379345866598,0,0.0,4404,0,41,23727,0,21,41,23748,NORMAL,No,0,0,0.0,0.0,8974,0,0
_00019_20180315130105,21,24319,24302,99.84387838948233,38,0.15612161051766638,24281,99.84374357498253,38,0.15625642501747605,25550,1,25551,9404,0,9404,1962,20,1942,67464,1,67465,29743,95.7474890548545,0,0.0,4192,0,38,24281,0,21,38,24302,SPIKE,No,11119,13221,45.682004930156126,54.31799506984388,9404,7352,203
_00202_20180315130156,21,23491,23471,99.82562095951005,41,0.17437904048996258,23450,99.8254650717296,41,0.17453492827040143,24949,4,24953,8776,0,8776,1960,17,1943,64327,4,64331,29553,95.13584857069276,0,0.0,4600,0,41,23450,0,21,41,23471,NORMAL,No,0,0,0.0,0.0,8776,0,0
_00013_20180315130103,21,24426,24406,99.83229026056367,41,0.16770973943633166,24385,99.83214607385574,41,0.1678539261442725,25484,0,25484,9511,0,9511,1952,21,1931,67909,0,67909,29715,95.65735256245172,0,0.0,4231,0,41,24385,0,21,41,24406,SPIKE,No,11557,12890,47.27369411379719,52.72630588620281,9511,7641,351
_00004_20180315130101,21,23757,23745,99.86121625031542,33,0.13878374968458237,23724,99.86109357242076,33,0.1389064275792398,25158,2,25160,8946,0,8946,1933,19,1914,65398,2,65400,29580,95.22276590265258,0,0.0,4420,0,33,23724,0,21,33,23745,NORMAL,No,0,0,0.0,0.0,8946,0,0
